EXTREME QUARANTINE CARPET CLEANING!,"	Hubert Steam Cleaning","	https://www.youtube.com/watch?v=AY-_krGppAk"
Heavily soiled rental unit carpet cleaning || I canÔøΩt believe the carpet is this dirty!,"	Advanced Cleaning Systems","	https://www.youtube.com/watch?v=j61Ja-2BF7A"
"What ÔøΩ675,000 buys you in the West of England (full house tour)","	Matt & Summer","	https://www.youtube.com/watch?v=RGFkYF2ioHc"
"What you can buy with ÔøΩ6,000,000 in Chiswick, London (Amazing interior and basement!????)","	Matt & Summer","	https://www.youtube.com/watch?v=n9KV71ZTl_A"
"Inside a ÔøΩ3,250,000 Canary Wharf, London penthouse (full tour!) ??","	Matt & Summer","	https://www.youtube.com/watch?v=Q7GXyqMtGIU"
"Inside a ÔøΩ1,200,000 modern Oxford home ?? (full walkthrough)","	Matt & Summer","	https://www.youtube.com/watch?v=VJ1b0pDFte4"
"Inside a ÔøΩ4,300,000 Surrey mansion with amazing interior design ?? (full house tour!)","	Matt & Summer","	https://www.youtube.com/watch?v=lMYe4xbzrCg"
"Touring another ÔøΩ1,200,000 new build on the South Coast of England (full property tour)","	Matt & Summer","	https://www.youtube.com/watch?v=v-Es5cy9hjk"
"Inside a footballers ÔøΩ1,200,000 Solihull Home (full walkthrough tour)","	Matt & Summer","	https://www.youtube.com/watch?v=XZrNHIFF5ec"
"Inside a ÔøΩ520,000 Manchester converted apartment (full walkthrough tour)","	Matt & Summer","	https://www.youtube.com/watch?v=pUUsm0cokHU"
What a ÔøΩ400k London apartment looks like (new build tour),"	Matt & Summer","	https://www.youtube.com/watch?v=-D_BZ5eO6mA"
Inside the famous ÔøΩ4.75M house 'The Knoll' in Nottingham (is this the coolest house in the UK?!),"	Matt & Summer","	https://www.youtube.com/watch?v=ueIDrAsuBcE"
"What Does a $600K House Look Like in Dallas, TX? | Gated Luxury Home | Dallas Homes for Sale","	Dallas Homes For Sale","	https://www.youtube.com/watch?v=mr-uNuzVECg"
"Win this ÔøΩ500,000 riverside Penthouse in Nottingham (full walkthrough)","	Matt & Summer","	https://www.youtube.com/watch?v=UiVK0iN9cro"
Downtown Atlanta Georgia Walking Tour,"	Island Hopper TV","	https://www.youtube.com/watch?v=9-VoZEl_tlU"
"Luxury Home Virtual Tour - Bangor, Northern Ireland","	The Hunter Bros","	https://www.youtube.com/watch?v=CWzNnFcrT8s"
"Luxury 4K Home Virtual Tour - Bangor, Northern Ireland","	The Hunter Bros","	https://www.youtube.com/watch?v=GRuh8k-0Dkg"
Walking in BELFAST / Northern Ireland (UK) - 4K 60fps (UHD),"	POPTravel","	https://www.youtube.com/watch?v=chb0suSrNxg"
FPV Real Estate - Indoor Drone Through Beautiful Home w/ VIEWS!,"	Luke Bredar","	https://www.youtube.com/watch?v=AWovHEZcpQU"
What Does a $150k to $200k House Look Like in Texas? (DR Horton Express!),"	EdwardInTX","	https://www.youtube.com/watch?v=hfPdlC4bKbY"
University of Leeds Full Campus Tour,"	Ellie Sleightholm","	https://www.youtube.com/watch?v=xyv_eT8e750"
"[4K] Winnipeg, Canada Walk Underground and Upper Passages fpv from the bay","	Silence N Hikes","	https://www.youtube.com/watch?v=doX4nX3UOlo"
"Inside a ÔøΩ3,250,000 Canary Wharf, London penthouse (full tour!) ??","	Matt & Summer","	https://www.youtube.com/watch?v=Q7GXyqMtGIU"
EXTREME QUARANTINE CARPET CLEANING!,"	Hubert Steam Cleaning","	https://www.youtube.com/watch?v=AY-_krGppAk"
Heavily soiled rental unit carpet cleaning || I canÔøΩt believe the carpet is this dirty!,"	Advanced Cleaning Systems","	https://www.youtube.com/watch?v=j61Ja-2BF7A"
"What you can buy with ÔøΩ6,000,000 in Chiswick, London (Amazing interior and basement!????)","	Matt & Summer","	https://www.youtube.com/watch?v=n9KV71ZTl_A"
"[4K] Mt Coliseum Virtual Hike, FPV","	Silence N Hikes","	https://www.youtube.com/watch?v=lT58Tpxgglk"
Virtual Property Tour | Estate Agent FPV Drone,"	Bad Wolf Horizon","	https://www.youtube.com/watch?v=Kb7vdBdCeu0"
"My NEW Apartment Tour ( Half A Million Investment In Dublin, Ireland )","	Zed Monopoly","	https://www.youtube.com/watch?v=p7yONGJMIRc"
"FPV Real Estate, Indoor Drone | 19463 Villages Scenic Pkwy","	Luke Bredar","	https://www.youtube.com/watch?v=om6s2jmDJ2c"
Real Estate Indoor FPV Drone Tour,"	Doola","	https://www.youtube.com/watch?v=ovktJLDB5Us"
CineWhoop at the gym! - Indoor Cinematic FPV Drone,"	Swisslapse","	https://www.youtube.com/watch?v=A6jyAMlRsZg"
Harvard Dorm & Campus Tour 2020,"	Mateo V.","	https://www.youtube.com/watch?v=tx0zt0sDjW4"
4K Virtual Hike Near River through the Forest - Baker River Trail & Chain Lake Trail,"	4k Relexation Channel","	https://www.youtube.com/watch?v=hld4uaO1MDE"
4K Virtual Hike - Amazing Nature Scenery with Soothing Music - Sol Duc Falls Nature Trail,"	4k Relexation Channel","	https://www.youtube.com/watch?v=q1m27R0tAKM"
Hotel des Balances Slider Sample 4K Drone footage epic FPV fly trough/ Sound that matches,"	HouseofDrones","	https://www.youtube.com/watch?v=9OkEeQ86vpc"
"1201 N Kenilworth, Oak Park DRONE Video","	Kara Keller","	https://www.youtube.com/watch?v=dYBv6r0foCg"
A Virtual Tour of the Society's New Headquarters," Office	American Society of Interior Designers (ASID)","	https://www.youtube.com/watch?v=aBzQ75wAj78"
Ireland's 13th-Century Ashford Castle and Hotel: Go There,"	Bloomberg Quicktake","	https://www.youtube.com/watch?v=_xK7ufKvtyQ"
"Modern Nevada-Living Home For Sale Las Vegas $427K's+, 3119 Sqft, 5BD, 4BA, 2CR. Larimar by Pardee","	Chakits Krulsawat","	https://www.youtube.com/watch?v=hvrn7mwmNro"
11361 Hideaway Trail Video Tour,"	Julia Erickson","	https://www.youtube.com/watch?v=982qxU13hZM"
FPV DRONE inside a London Office!,"	JR DDP","	https://www.youtube.com/watch?v=xTAq7M_cMK4"
$16 Million Miami Luxury Mansion | 4K Racing Drone Virtual Tour | NO CUTS,"	Mr Steele","	https://www.youtube.com/watch?v=kcv_IlicVns"
Rosedale Mall FPV,"	jaybyrdfilms","	https://www.youtube.com/watch?v=gyQ3BRL8GAc"
"Inside a ÔøΩ520,000 Manchester converted apartment (full walkthrough tour)","	Matt & Summer","	https://www.youtube.com/watch?v=pUUsm0cokHU"
"CAMPUS TOUR - Walking University of Melbourne, Australia - early morning tour - ASMR ambience 4K","	Slow Week","	https://www.youtube.com/watch?v=dBRXLRYP5vc"
MMA Spirit | virtual gym tour 2020,"	MMAspiritTV","	https://www.youtube.com/watch?v=7chthrORJzo"
Walking through Munich's inner city during Christmas lockdown 2020 - 4K60 - FPV,"	munichjake","	https://www.youtube.com/watch?v=WeovBvHoNUw"
Newcastle Upon Tyne Walk: City Centre?4K?,"	4k Explorer","	https://www.youtube.com/watch?v=owu2lA-zxVQ"
"Luxury Home Virtual Tour - Newtownards, Northern Ireland","	The Hunter Bros","	https://www.youtube.com/watch?v=_NksezxjTcE"
New York City Walking Tour Part 1 - Midtown Manhattan (4k Ultra HD 60fps),"	BookingHunterTV","	https://www.youtube.com/watch?v=-IpXdtWfneI"
Hunters Hill Manor - Luxury Real Estate - 4k Virtual Tour - Northern Ireland - ÔøΩ1.5Million,"	The Hunter Bros","	https://www.youtube.com/watch?v=lv1_qMU5l8Q"
Northumbria University to Newcastle University (21st May 2020) : North of England Walking Tours,"	North of England Walking Tours","	https://www.youtube.com/watch?v=_2QwLb4H7UA"
1130 Morrison Heights Drive Oakville | Virtual Tour,"	Studio GTA Real Estate Media - Toronto","	https://www.youtube.com/watch?v=eKKmcnMC8RA"
"Inside a ÔøΩ1,200,000 modern Oxford home ?? (full walkthrough)","	Matt & Summer","	https://www.youtube.com/watch?v=VJ1b0pDFte4"
"Inside a footballers ÔøΩ1,200,000 Solihull Home (full walkthrough tour)","	Matt & Summer","	https://www.youtube.com/watch?v=XZrNHIFF5ec"
"Touring another ÔøΩ1,200,000 new build on the South Coast of England (full property tour)","	Matt & Summer","	https://www.youtube.com/watch?v=v-Es5cy9hjk"
"Inside a ÔøΩ4,300,000 Surrey mansion with amazing interior design ?? (full house tour!)","	Matt & Summer","	https://www.youtube.com/watch?v=lMYe4xbzrCg"
What Does a $200k - $250K House Look Like in Texas? - Impression Homes!,"	Patrick Griffin","	https://www.youtube.com/watch?v=b1tU5bbILoM"
"429 Toynevale Rd, Pickering - Open House Video Tour","	Open House 24","	https://www.youtube.com/watch?v=Y4dXuy_Pz4I"
"What ÔøΩ675,000 buys you in the West of England (full house tour)","	Matt & Summer","	https://www.youtube.com/watch?v=RGFkYF2ioHc"
House Tour UK | Incredible KITCHEN INSPIRATION | Stunning Family Home | Must See |,"	Dorset Property TV","	https://www.youtube.com/watch?v=e5Ah-TRquGM"
"Video of 500 North Hill Road | Stowe, Vermont","	Nashua Video Tours | Real Estate Video & Photography","	https://www.youtube.com/watch?v=2aqBGDgNcNg"
"Inside a ÔøΩ600,000 beach front apartment in Wales ??????????????????? *insane sea views!*","	Matt & Summer","	https://www.youtube.com/watch?v=3qVssJ19hwQ"
"Walking around Yale University in New Haven, Connecticut ?4K?","	Wind Walk Travel Videos ?Wind Walk Travel Videos ?","	https://www.youtube.com/watch?v=6PHApdWRjEY"
The Tobin Estate Apartments cinematic ver.,FPV Virtual Tours,https://www.youtube.com/watch?v=ilrEc0F9x5E
What house can I build for 400K | Texas Real Estate | Houston House Tour | Taylor Morrison Bordeaux,House Hunt 365,https://www.youtube.com/watch?v=N6EXOvMpac8
"What Does a $500,000 House Look like in Florida | New Home Tour",Kaleb Shaw,https://www.youtube.com/watch?v=RCQ3SqLmV08
Toll Brothers Model Home - Dallas - Fort Worth House Tour,VIP Realty - Texas Real Estate,https://www.youtube.com/watch?v=0l12JBfEcIU
$1.5M HOUSE TOUR NEAR AUSTIN TEXAS | NEW HOME WALK-THROUGH,Jenessa Brooke,https://www.youtube.com/watch?v=4iuMLeiEfKo
New Homes in Austin under $300K! Home Tour - TX Real Estate,TXTROOPER,https://www.youtube.com/watch?v=LgAcyzPOE4Q
"Inside a ÔøΩ9,400,000 Penthouse in Londons Battersea Power station *crazy!*",Matt & Summer,https://www.youtube.com/watch?v=hU3VNpmGwTE
"Inside an ÔøΩ11,500,000 London penthouse apartment in the St Pancras Hotel",Matt & Summer,https://www.youtube.com/watch?v=U3UWb_R49E8
"Inside a ¬£2,000,000 modern river front home in Nottingham, UK (private boat dock and more!üõ•Ô∏èüá¨üáß)",Matt & Summer,https://www.youtube.com/watch?v=OyErWkcq1Hk
"Inside a ¬£10,700,000 SURREY MANSION | SUPERPRIMESURREY | UK Property Tour",The Propertyy UK,https://www.youtube.com/watch?v=C4WayK5E03U
Inside Our New Build Executive House | Property Tour UK | Vlog #040,Saj Hussain,https://www.youtube.com/watch?v=220Bvwpr1ws
"¬£5.6M Real Estate Video Tour | Kensington, London, UK",S Singh Films,https://www.youtube.com/watch?v=fkRbmE3UEZA
¬£2 Million Luxury London Real Estate | UK House Tours | Property London,Property London,https://www.youtube.com/watch?v=jNqRrC9YFmw
Luxury Real Estate Video Tour | Surrey UK - Woodland House,FJcam Productions,https://www.youtube.com/watch?v=tZ9n3AdS0uM
The Manor House - Virtual Tour,Thornton Manor,https://www.youtube.com/watch?v=XH1Zj2llefU
High Specification Contemporary Home in Berkshire - UK Property,John Joe Photography and Video,https://www.youtube.com/watch?v=5mGzDBBtArI
"FOR SALE: Luxury Mansion In Burwood Park, Walton on Thames",Curchods Estate Agents,https://www.youtube.com/watch?v=ABBbxfw1Ujw
"$10m Outstanding Luxury Castle For Sale in Granite Bay, California w/ Tricia Rossi, Sotheby's Realty",Castleist - The Castles For Sale Website,https://www.youtube.com/watch?v=QBFZhofpONw
"$10m Outstanding Luxury Castle For Sale in Granite Bay, California w/ Tricia Rossi, Sotheby's Realty",Castleist - The Castles For Sale Website,https://www.youtube.com/watch?v=QBFZhofpONw
Buckinghamshire UK House Tour | Luxury Real Estate  | Property London,Property London,https://www.youtube.com/watch?v=GWKQc8tesZ4
"Unbelievable Italian garden. Italian Property Virtual Tours. ‚Ç¨1,900,000",italianproperty,https://www.youtube.com/watch?v=f7ZZ37ReihY
FPV - Cottage property tour,PropStrike,https://www.youtube.com/watch?v=6V1lcfOVdB4
Winstanley House Drone Tour  |  SebFlys FPV,SebFlys,https://www.youtube.com/watch?v=djoyjI1ItsA
"Inside a $3,500,000 Private Acreage RESORT in Calgary's Bearspaw!  Million Dollar Home Tour",Brad McCallum - Calgary Realtor,https://www.youtube.com/watch?v=sdr_2dq3T88
"Handcrafted walnut cabinets, Quartz counters. FPV Real Estate, Indoor Drone CINEWHOOP Virtual Tour",Luke Bredar,https://www.youtube.com/watch?v=wHxvygZOPzU
SKI IN SKI OUT 9.5 MILLION Home!,Luke Bredar,https://www.youtube.com/watch?v=tgm_wroS1AA
"Riverglade Meadows, Lurgan Property Tour Property Video New Homes NI Showhouse Video New Development",Alastair Glass,https://www.youtube.com/watch?v=B1DEZ0pBh5I
"¬£2.5 million Luxury 4K Home Virtual Tour - Bangor, Northern Ireland",THE HUNTER BROS,https://www.youtube.com/watch?v=gilsxxOC5Uw
Episode 2  Modern Country Build **Check it Out!!,Irish Homes,https://www.youtube.com/watch?v=MqqqBVl3kuQ
Episode 3 -  Comfortable Country Home with amazing Garden..MUST SEE!,Irish Homes,https://www.youtube.com/watch?v=T6wQIPynpAI
stick frame self build ireland,Conor Mcquillan,https://www.youtube.com/watch?v=b4ah7-WhLkc
"4K - GlassHouse Properties - Juniper Acre, Herefordshire - Farmhouse + 8 Acres - For Sale",Glasshouse Properties,https://www.youtube.com/watch?v=nNWlLew6g_I
"Cross Keys, Herefordshire - Video Tour - GlassHouse Properties",Glasshouse Properties,https://www.youtube.com/watch?v=z_mpDPnoN5c
"Box Bush, Longhope, Gloucestershire - Video Tour 4K - GlassHouse Properties",Glasshouse Properties,https://www.youtube.com/watch?v=NRAKYdbtzww
"Box Bush, Longhope, Gloucestershire - Video Tour 4K - GlassHouse Properties",Glasshouse Properties,https://www.youtube.com/watch?v=NRAKYdbtzww
"Nimrod Drive, Hampton Park, Hereford - Video Tour - GlassHouse Properties",Glasshouse Properties,https://www.youtube.com/watch?v=tdff8fMyLjs
"Oxenhall, Newent - Video Tour - 4K - GlassHouse Properties",Glasshouse Properties,https://www.youtube.com/watch?v=SSNxcpbB8oE
FPV Real Estate - Flying a FPV Drone Inside a $1.6M Home,Skyview Experts,https://www.youtube.com/watch?v=j8nLSyrkxdU
"Luxury Home Tour, right in Franklin, MI",Skyview Experts,https://www.youtube.com/watch?v=P8Ytenr5qBw
"Luxury Listing in Ann Arbor, Michigan $4.3 Million with over 7,300 SQFT",Skyview Experts,https://www.youtube.com/watch?v=NGYs4kGyltg
"Inside a $5,998,000 Los Angeles Modern SMART HOME with Glass Infinity Edge Pool",Enes Yilmazer,https://www.youtube.com/watch?v=_nFMM8zAkVY
HOUSE TOUR-IRELAND/Eva McMahon,Eva McMahon,https://www.youtube.com/watch?v=iUopSQJFC9U
"Apartment tour - our home in Limerick, Ireland",sillymastcell,https://www.youtube.com/watch?v=9YSQZok3hZk
"Empty House Tour 2021 - Family of 3, Wales.",Ellie McLean,https://www.youtube.com/watch?v=WUDrXtWGoNs
Empty House Tour Of Our Dream Home (Smart Home),Smart Home-owners,https://www.youtube.com/watch?v=JI_jQ6xt4uk
Closing Day and Empty House Tour 2021 #NewConstruction,shawnNcherrice Skinner,https://www.youtube.com/watch?v=0NBnicGLryg
Move-In Update of our LeHigh by Ryan Homes,Roy Stephen,https://www.youtube.com/watch?v=8-7LXPABuco
"Inside a ¬£1,600,000 modern home in the Cotswolds (full walkthrough tour)",Matt & Summer,https://www.youtube.com/watch?v=3gRF5IwpLeE
"Inside a ¬£1,200,000 Nottingham home with a complete ¬£500k makeover! üí´ (full tour with a surpriseüòÖ)",Matt & Summer,https://www.youtube.com/watch?v=y-0IopM2rwU
"NEW BUILD HOUSE TOUR | OUR NEW HOME | Three Floors, Three Bedroom, Semi-Detached House",Charlotte's Own,https://www.youtube.com/watch?v=lpmAkmMTMyU
Touring A $20million Luxury Penthouse With Private Infinity Pool & Views Of Marina Bay |Home Central,Home Central,https://www.youtube.com/watch?v=Yxs-DXCTMR0
4-Storey + Basement Corner Terrace For Sale!,zacsonmichelleproperty,https://www.youtube.com/watch?v=mHoWXXd1jSA
Spacious corner terrace with pristine move-in condition! | Loyang View | JNA Unlocked 82,JNA Real Estate,https://www.youtube.com/watch?v=MDgndwuDDpg
"FPV Real Estate Tour | Luxury Villa in Paphos, Cyprus",Kylo FPV,https://www.youtube.com/watch?v=zghdWbOsxdY
Real Estate FPV proof of concept,RossHasAdrone,https://www.youtube.com/watch?v=NfpMtBqwpXQ
FPV Real Estate - Indoor Drone through Inviting Family Home,Luke Bredar,https://www.youtube.com/watch?v=-B7SAzYRQuw
"Indoor Drone Video | Incredible Alaskan Wedding Venue FPV Drone Tour, Settlers Bay Lodge",Luke Bredar,https://www.youtube.com/watch?v=Kw5LdkcBA7U
"FPV Indoor drone | 10500 Blackwolf Cir Anchorage, AK 99507",Luke Bredar,https://www.youtube.com/watch?v=WtAc3KEDp4I
Indoor Drone Video of a Beautiful Park City home! ARCHITECTURE!,Luke Bredar,https://www.youtube.com/watch?v=-zoblzb_CDA
"2147 W Homer St, Chicago, IL 60647",Indoor Drone Tours,https://www.youtube.com/watch?v=uVIeF4npobI
1029 Franklin | River Forest IL,Indoor Drone Tours,https://www.youtube.com/watch?v=LtWQpSwhy0I
"200 W Grand Ave, Chicago, IL 60654",Indoor Drone Tours,https://www.youtube.com/watch?v=CL6Cmbhl1hA
"2147 W Homer St, Chicago, IL 60647",Indoor Drone Tours,https://www.youtube.com/watch?v=uVIeF4npobI
"2252 N Lakewood Ave, Chicago, IL 60614",Indoor Drone Tours,https://www.youtube.com/watch?v=P5_riPkVWwg
"676 N Kingsbury Unit 204, Chicago IL",Indoor Drone Tours,https://www.youtube.com/watch?v=-j4wXRZK_1k
135 Irvington San Antonio TX 78209 FPV Real Estate Tour,FPV Virtual Tours,https://www.youtube.com/watch?v=X3nMQjf0fdg
Indoor Drone Real Estate Video,Aerial Photography Melbourne Pro,https://www.youtube.com/watch?v=ZjRlxwx3I2s
33 N Dearborn 2nd Floor Sublease,Indoor Drone Tours,https://www.youtube.com/watch?v=BO4iVP45Xd4
"631 N Kenilworth Ave, Oak Park, IL 60302",Indoor Drone Tours,https://www.youtube.com/watch?v=MSeuANitAFk
"River North Loft Property Tour: 900 N. Kingsbury #950 | Chicago, IL",KlopasStratton Team,https://www.youtube.com/watch?v=G4WHoDD2Y6M
New York style Loft Apartment - by Teresa and Richard at Knight Frank Property,Dion Oliveira,https://www.youtube.com/watch?v=snfa6NhFd7o
"55 W Delaware Pl Chicago, IL 60610",Indoor Drone Tours,https://www.youtube.com/watch?v=VZRkWd3X4As
"60 West Erie Penthouse, Chicago IL 60664",Indoor Drone Tours,https://www.youtube.com/watch?v=W2oAvN4jv5g
"676 N Kingsbury Unit 204, Chicago IL",Indoor Drone Tours,https://www.youtube.com/watch?v=-j4wXRZK_1k
"1052 West Balmoral Avenue, Chicago IL 60640",Indoor Drone Tours,https://www.youtube.com/watch?v=6fwEoeCgYDo
"720 N Larrabee St, Chicago, IL 60654",Indoor Drone Tours,https://www.youtube.com/watch?v=VsLZ3c-ncNM
"River North Loft Property Tour: 900 N. Kingsbury #950 | Chicago, IL",KlopasStratton Team,https://www.youtube.com/watch?v=G4WHoDD2Y6M
"2719 W Dakin St, Chicago, IL 60618",Indoor Drone Tours,https://www.youtube.com/watch?v=FXF4F71VQ7o
"7234 Western Ave, Darien, IL 60561",Indoor Drone Tours,https://www.youtube.com/watch?v=zvuBX5AhLMk
"219 W Goethe St, Chicago, IL",Indoor Drone Tours,https://www.youtube.com/watch?v=-X5XwjiOSj4
"3350 N Southport Ave 1N, Chicago, IL 60657",Indoor Drone Tours,https://www.youtube.com/watch?v=ehXPre1NnuY
"2719 W Dakin St, Chicago, IL 60618",Indoor Drone Tours,https://www.youtube.com/watch?v=FXF4F71VQ7o
"916 Belleforte Ave, Oak Park, IL 60302",Indoor Drone Tours,https://www.youtube.com/watch?v=JxLrNZpjFhg
"615 Millview Dr, Batavia, IL 60510",Indoor Drone Tours,https://www.youtube.com/watch?v=jEKRnOLAdcs
"2252 N Lakewood Ave, Chicago, IL 60614",Indoor Drone Tours,https://www.youtube.com/watch?v=P5_riPkVWwg
"1853 N Bissell Street, Chicago IL 60614",Jameson Sotheby's International Realty,https://www.youtube.com/watch?v=lK8CaHqbQpw
"1933 N Burling St, Chicago / Emily Sachs Wong",DroneHub,https://www.youtube.com/watch?v=7NQm4Tqb0Jw
"3716 N Lakewood Ave, Chicago, IL 60613",Jameson Sotheby's International Realty,https://www.youtube.com/watch?v=oXHGOkTlVh4
Fifth Third Bank | Business Drone Tour,Indoor Drone Tours,https://www.youtube.com/watch?v=0KmRhMyhwKg
"506 Fulton Ave, Villa Park, IL 60181",Indoor Drone Tours,https://www.youtube.com/watch?v=h4CkvgW73ao
"5524 W Leland Ave, Chicago, IL 60630",Indoor Drone Tours,https://www.youtube.com/watch?v=tYzOVJKYtTE
"2442 Durand Dr, Downers Grove, IL 60516",Indoor Drone Tours,https://www.youtube.com/watch?v=SfI4xPhhU-Q
"716 Columbian Ave, Oak Park, IL 60302, USA",Indoor Drone Tours,https://www.youtube.com/watch?v=QXbI4zFps7k
"2045 Old Willow Rd, Northfield",Indoor Drone Tours,https://www.youtube.com/watch?v=uPviAtpVI3s
"916 Belleforte Ave, Oak Park, IL 60302",Indoor Drone Tours,https://www.youtube.com/watch?v=JxLrNZpjFhg
"1108 N Ashland Ave 3S, Chicago, IL 60622, USA",Indoor Drone Tours,https://www.youtube.com/watch?v=gL8fDdYaiqM
"615 Millview Dr, Batavia, IL 60510",Indoor Drone Tours,https://www.youtube.com/watch?v=jEKRnOLAdcs
"204 Superior Street | Oak Park, IL 60302",Indoor Drone Tours,https://www.youtube.com/watch?v=7_U5v2IqVcU
"768 Halbert Lane | Inverness,IL 60010",Indoor Drone Tours,https://www.youtube.com/watch?v=h3nO3qlA7Xk
"629 Woodbine Avenue | Oak Park IL, 60302",Indoor Drone Tours,https://www.youtube.com/watch?v=lA0hyKYiKCc
"17930 W Hampshire Dr | Gurnee, IL 60031",Indoor Drone Tours,https://www.youtube.com/watch?v=k_2msuQB4sA
"17019 s Kenwood South Holland, IL | 60473",Indoor Drone Tours,https://www.youtube.com/watch?v=rls1P6Yefss
"1078 S Plymouth Ct #402, Chicago, IL 60605",Indoor Drone Tours,https://www.youtube.com/watch?v=UX40p1Acn4Y
"233 S Wacker Dr, Chicago, IL 60606 Offices",Indoor Drone Tours,https://www.youtube.com/watch?v=Z4MHaID5EhQ
"7501 W North Ave, River Forest IL | Fresh Thyme Market",Indoor Drone Tours,https://www.youtube.com/watch?v=bk86-qC6GVM
"610 Glenayre Dr | Glenview, IL 60025",Indoor Drone Tours,https://www.youtube.com/watch?v=2DAvsb2UurY
"1918 Julia Way | Lakemoor, IL 60051",Indoor Drone Tours,https://www.youtube.com/watch?v=w-PMRvThdI0
200 - 202 E Walton Lane | CBRE,Indoor Drone Tours,https://www.youtube.com/watch?v=GTyV59Ob-4s
"274 N. Delaplaine Road | Riverside, IL 60546",Indoor Drone Tours,https://www.youtube.com/watch?v=gnI5dWxF8BY
16138 West Coneflower Drive Lockport IL 60441,Indoor Drone Tours,https://www.youtube.com/watch?v=paD5gUr32m4
"55 West Delaware Place, | Chicago, IL 60610",Indoor Drone Tours,https://www.youtube.com/watch?v=2OfI-4r8wMo
"1821 N Francisco AveChicago, IL 60647, USA",Indoor Drone Tours,https://www.youtube.com/watch?v=aCekFE1jbNI
"588 Chestnut St | Winnetka, IL 60093",Indoor Drone Tours,https://www.youtube.com/watch?v=1iUjY8dXZFQ
"215 N  Elmwood Ave , Oak Park IL 60302",Indoor Drone Tours,https://www.youtube.com/watch?v=VoAPNJJvGt8
"11 Lake Vista CtLake Villa, IL 60046",Indoor Drone Tours,https://www.youtube.com/watch?v=PfhvsGAXdw0
"4K Ilam Village Walk, English Countryside",Dave's Walks,https://www.youtube.com/watch?v=ABKEJ0JAXls
Troopy vs Tanami: Crossing into Western Australia | Troopy Van Life Australia,Drink Tea & Travel,https://www.youtube.com/watch?v=Z4afEti5VQo
NERJA Early Walking Tour ‚ù§Ô∏è‚Äçüî• Playa Calahonda al amanecer Junio 2021,NERJA WAVES NOW - THE DOORS TO NOW,https://www.youtube.com/watch?v=1NSyO8gO5cQ
"916 Belleforte Ave, Oak Park, IL 60302",Indoor Drone Tours,https://www.youtube.com/watch?v=JxLrNZpjFhg
"2719 W Dakin St, Chicago, IL 60618",Indoor Drone Tours,https://www.youtube.com/watch?v=FXF4F71VQ7o
‚ú®NEW‚ú®  Updated Farm Tour 2021,Angela Braniff,https://www.youtube.com/watch?v=2riRHofbVLA
Farm Tour - A Rural Irish Farm,I Do Agri,https://www.youtube.com/watch?v=nixsGVJ8Ps4
"4K River Witham Walk, English Countryside",Dave's Walks,https://www.youtube.com/watch?v=JQGQTynuatA
"10490 Ladera Dr, Lone Tree, CO 80124, USA",Indoor Drone Tours,https://www.youtube.com/watch?v=yOcLodfGC94
"1836 N Fernandez Ave, Arlington Heights, IL 60004, USA",Indoor Drone Tours,https://www.youtube.com/watch?v=Tm3tp49WkHw
"1750 Wewatta St #572, Denver, CO 80202",Indoor Drone Tours,https://www.youtube.com/watch?v=LcYDZt1gfFM
"3 Dutch Creek Dr, Littleton, CO 80123, USA",Indoor Drone Tours,https://www.youtube.com/watch?v=Xm1War_Ynao
"604 Courtland Ave, Park Ridge, IL 60068, USA",Indoor Drone Tours,https://www.youtube.com/watch?v=8fvVhw_bapI
"3316 Prairie Ave, Brookfield, IL 60513",Indoor Drone Tours,https://www.youtube.com/watch?v=t-DVFxMgerU
"215 Franklin Ave, River Forest, IL 60305",Indoor Drone Tours,https://www.youtube.com/watch?v=ECutnuxIvIQ
"721 N Ada St #3, Chicago, IL 60642",Indoor Drone Tours,https://www.youtube.com/watch?v=728NGvqtDYQ
English Village Walk,Sound for relaxation and sleep,https://www.youtube.com/watch?v=YKsYzfp0V5I
"3077 S Acoma St, Englewood, CO 80110, USA",Indoor Drone Tours,https://www.youtube.com/watch?v=6Go0D76r1Qc
"3077 S Acoma St, Englewood, CO 80110, USA",Indoor Drone Tours,https://www.youtube.com/watch?v=6Go0D76r1Qc
"3077 S Acoma St, Englewood, CO 80110, USA",Indoor Drone Tours,https://www.youtube.com/watch?v=6Go0D76r1Qc
"3077 S Acoma St, Englewood, CO 80110, USA",Indoor Drone Tours,https://www.youtube.com/watch?v=6Go0D76r1Qc
